{
  "lang":"en",
  "name":"pipeline",
  "version":"0.0.0",
  "spacy_version":">=3.4.1,<3.5.0",
  "description":"",
  "author":"",
  "email":"",
  "url":"",
  "license":"",
  "spacy_git_version":"Unknown",
  "vectors":{
    "width":0,
    "vectors":0,
    "keys":0,
    "name":null,
    "mode":"default"
  },
  "labels":{
    "tok2vec":[

    ],
    "ner":[
      "BILL_TO",
      "DATE",
      "INVOICE_N",
      "SHIP_TO",
      "TOTAL"
    ]
  },
  "pipeline":[
    "tok2vec",
    "ner"
  ],
  "components":[
    "tok2vec",
    "ner"
  ],
  "disabled":[

  ],
  "performance":{
    "ents_f":0.9272281276,
    "ents_p":0.9272281276,
    "ents_r":0.9272281276,
    "ents_per_type":{
      "SHIP_TO":{
        "p":0.8599348534,
        "r":0.8407643312,
        "f":0.8502415459
      },
      "BILL_TO":{
        "p":0.9459459459,
        "r":0.9351145038,
        "f":0.9404990403
      },
      "INVOICE_N":{
        "p":0.9299363057,
        "r":0.954248366,
        "f":0.9419354839
      },
      "DATE":{
        "p":0.9784946237,
        "r":0.9891304348,
        "f":0.9837837838
      },
      "TOTAL":{
        "p":0.9617834395,
        "r":0.9617834395,
        "f":0.9617834395
      }
    },
    "tok2vec_loss":392.3113458297,
    "ner_loss":408.1130477027
  }
}